page	field	type	tooltip
0	form1[0]	None	
0	form1[0].#pageSet[0]	None	
0	form1[0].#pageSet[0].Page1[0]	None	
0	form1[0].#pageSet[0].Page1[10]	None	
0	form1[0].#pageSet[0].Page1[11]	None	
0	form1[0].#pageSet[0].Page1[12]	None	
0	form1[0].#pageSet[0].Page1[13]	None	
0	form1[0].#pageSet[0].Page1[1]	None	
0	form1[0].#pageSet[0].Page1[2]	None	
0	form1[0].#pageSet[0].Page1[3]	None	
0	form1[0].#pageSet[0].Page1[4]	None	
0	form1[0].#pageSet[0].Page1[5]	None	
0	form1[0].#pageSet[0].Page1[6]	None	
0	form1[0].#pageSet[0].Page1[7]	None	
0	form1[0].#pageSet[0].Page1[8]	None	
0	form1[0].#pageSet[0].Page1[9]	None	
0	form1[0].#subform[0]	None	
0	form1[0].#subform[0].#area[0]	None	
0	form1[0].#subform[10]	None	
0	form1[0].#subform[10].#area[11]	None	
0	form1[0].#subform[11]	None	
0	form1[0].#subform[11].#area[12]	None	
0	form1[0].#subform[12]	None	
0	form1[0].#subform[12].#area[13]	None	
0	form1[0].#subform[13]	None	
0	form1[0].#subform[13].#area[14]	None	
0	form1[0].#subform[1]	None	
0	form1[0].#subform[1].#area[1]	None	
0	form1[0].#subform[1].Line12\	None	
0	form1[0].#subform[2]	None	
0	form1[0].#subform[2].#area[2]	None	
0	form1[0].#subform[3]	None	
0	form1[0].#subform[3].#area[3]	None	
0	form1[0].#subform[4]	None	
0	form1[0].#subform[4].#area[4]	None	
0	form1[0].#subform[4].#area[5]	None	
0	form1[0].#subform[5]	None	
0	form1[0].#subform[5].#area[6]	None	
0	form1[0].#subform[6]	None	
0	form1[0].#subform[6].#area[7]	None	
0	form1[0].#subform[6].P9_Line7\	None	
0	form1[0].#subform[6].P9_Line7\.b\	None	
0	form1[0].#subform[7]	None	
0	form1[0].#subform[7].#area[8]	None	
0	form1[0].#subform[8]	None	
0	form1[0].#subform[8].#area[9]	None	
0	form1[0].#subform[9]	None	
0	form1[0].#subform[9].#area[10]	None	
1	form1[0].#pageSet[0].Page1[0].PDF417BarCode1[0]	/Tx	PDF417BarCode1
1	form1[0].#subform[0].#area[0].Line1_AlienNumber[0]	/Tx	Part 1.  Information About Your Eligibility.  Enter Your 9 D
1	form1[0].#subform[0].DropDownList1[0]	/Ch	Part 1.  Information About Your Eligibility (Select only one
1	form1[0].#subform[0].Line2_FamilyName1[0]	/Tx	Part 2. Information About You (Person applying for naturaliz
1	form1[0].#subform[0].Line2_FamilyName2[0]	/Tx	Part 2. Information About You (Person applying for naturaliz
1	form1[0].#subform[0].Line3_GivenName1[0]	/Tx	Part 2. Information About You (Person applying for naturaliz
1	form1[0].#subform[0].Line3_GivenName2[0]	/Tx	Part 2. Information About You (Person applying for naturaliz
1	form1[0].#subform[0].Line3_MiddleName1[0]	/Tx	Part 2. Information About You (Person applying for naturaliz
1	form1[0].#subform[0].Line3_MiddleName2[0]	/Tx	Part 2. Information About You (Person applying for naturaliz
1	form1[0].#subform[0].P2_Line1_FamilyName[0]	/Tx	Part 2. Information About You (Person applying for naturaliz
1	form1[0].#subform[0].P2_Line1_GivenName[0]	/Tx	Part 2. Information About You (Person applying for naturaliz
1	form1[0].#subform[0].P2_Line1_MiddleName[0]	/Tx	Part 2. Information About You (Person applying for naturaliz
1	form1[0].#subform[0].Part1Line5_OtherExplain[0]	/Tx	Part 1.  Information About Your Eligibility (Select only one
1	form1[0].#subform[0].Part1_Eligibility[0]	/Btn	Part 1.  Information About Your Eligibility (Select only one
1	form1[0].#subform[0].Part1_Eligibility[1]	/Btn	Part 1.  Information About Your Eligibility (Select only one
1	form1[0].#subform[0].Part1_Eligibility[2]	/Btn	Part 1.  Information About Your Eligibility (Select only one
1	form1[0].#subform[0].Part1_Eligibility[3]	/Btn	Part 1.  Information About Your Eligibility (Select only one
1	form1[0].#subform[0].Part1_Eligibility[4]	/Btn	Part 1.  Information About Your Eligibility (Select only one
1	form1[0].#subform[0].Part1_Eligibility[5]	/Btn	Part 1.  Information About Your Eligibility (Select only one
1	form1[0].#subform[0].Part1_Eligibility[6]	/Btn	Part 1.  Information About Your Eligibility (Select only one
2	form1[0].#pageSet[0].Page1[1].PDF417BarCode1[0]	/Tx	PDF417BarCode1
2	form1[0].#subform[1].#area[1].Line1_AlienNumber[1]	/Tx	Part 1.  Information About Your Eligibility.  Enter Your 9 D
2	form1[0].#subform[1].Line12\.c_Checkbox[0]	/Btn	 Part 2.  Information About You (Person applying for natural
2	form1[0].#subform[1].Line12\.c_Checkbox[1]	/Btn	 Part 2.  Information About You (Person applying for natural
2	form1[0].#subform[1].Line12a_Checkbox[0]	/Btn	Part 2.  Information About You (Person applying for naturali
2	form1[0].#subform[1].Line12a_Checkbox[1]	/Btn	Part 2.  Information About You (Person applying for naturali
2	form1[0].#subform[1].Line12b_SSN[0]	/Tx	Part 2.  Information About You (Person applying for naturali
2	form1[0].#subform[1].P2_Line10_CountryOfBirth[0]	/Tx	Part 2.  Information About You (Person applying for naturali
2	form1[0].#subform[1].P2_Line10_claimdisability[0]	/Btn	Part 2.  Information About You (Person applying for naturali
2	form1[0].#subform[1].P2_Line10_claimdisability[1]	/Btn	Part 2.  Information About You (Person applying for naturali
2	form1[0].#subform[1].P2_Line11_CountryOfNationality[0]	/Tx	Part 2.  Information About You (Person applying for naturali
2	form1[0].#subform[1].P2_Line11_claimdisability[0]	/Btn	Part 2.  Information About You (Person applying for naturali
2	form1[0].#subform[1].P2_Line11_claimdisability[1]	/Btn	Part 2.  Information About You (Person applying for naturali
2	form1[0].#subform[1].P2_Line34_NameChange[0]	/Btn	Part 2.  Information About You (Person applying for naturali
2	form1[0].#subform[1].P2_Line34_NameChange[1]	/Btn	Part 2.  Information About You (Person applying for naturali
2	form1[0].#subform[1].P2_Line6_USCISELISAcctNumber[0]	/Tx	Part 2.  Information About You (Person applying for naturali
2	form1[0].#subform[1].P2_Line7_Gender[0]	/Btn	Part 2.  Information About You (Person applying for naturali
2	form1[0].#subform[1].P2_Line7_Gender[1]	/Btn	Part 2.  Information About You (Person applying for naturali
2	form1[0].#subform[1].P2_Line8_DateOfBirth[0]	/Tx	Part 2.  Information About You (Person applying for naturali
2	form1[0].#subform[1].P2_Line9_DateBecamePermanentResident[0]	/Tx	Part 2.  Information About You (Person applying for naturali
2	form1[0].#subform[1].Part2Line3_FamilyName[0]	/Tx	Part 2.  Information About You (Person applying for naturali
2	form1[0].#subform[1].Part2Line4a_GivenName[0]	/Tx	Part 2.  Information About You (Person applying for naturali
2	form1[0].#subform[1].Part2Line4a_MiddleName[0]	/Tx	Part 2.  Information About You (Person applying for naturali
3	form1[0].#pageSet[0].Page1[2].PDF417BarCode1[0]	/Tx	PDF417BarCode1
3	form1[0].#subform[2].#area[2].Line1_AlienNumber[2]	/Tx	Part 1.  Information About Your Eligibility.  Enter Your 9 D
3	form1[0].#subform[2].P4_Line1_City[0]	/Tx	Part 3.  Information About Your Residence. 3. Current Mailin
3	form1[0].#subform[2].P4_Line1_Country[0]	/Tx	Part 3.  Information About Your Residence. 3. Current Mailin
3	form1[0].#subform[2].P4_Line1_DatesofResidence[0]	/Tx	P4_Line1_DatesofResidence
3	form1[0].#subform[2].P4_Line1_DatesofResidence[1]	/Tx	P4_Line1_DatesofResidence
3	form1[0].#subform[2].P4_Line1_InCareOfName[0]	/Tx	Part 3.  Information About Your Residence. 3. Current Mailin
3	form1[0].#subform[2].P4_Line1_Number[0]	/Tx	Part 3.  Information About Your Residence. 3. Current Mailin
3	form1[0].#subform[2].P4_Line1_PostalCode[0]	/Tx	Part 3.  Information About Your Residence. 3. Current Mailin
3	form1[0].#subform[2].P4_Line1_Province[0]	/Tx	Part 3.  Information About Your Residence. 3. Current Mailin
3	form1[0].#subform[2].P4_Line1_State[0]	/Ch	Part 3.  Information About Your Residence. 3. Current Mailin
3	form1[0].#subform[2].P4_Line1_StreetName[0]	/Tx	Part 3.  Information About Your Residence. 3. Current Mailin
3	form1[0].#subform[2].P4_Line1_Unit[0]	/Btn	Part 3.  Information About Your Residence. 3. Current Mailin
3	form1[0].#subform[2].P4_Line1_Unit[1]	/Btn	Part 3.  Information About Your Residence. 3. Current Mailin
3	form1[0].#subform[2].P4_Line1_Unit[2]	/Btn	Part 3.  Information About Your Residence. 3. Current Mailin
3	form1[0].#subform[2].P4_Line1_ZipCode[0]	/Tx	Part 3.  Information About Your Residence. 3. Current Mailin
3	form1[0].#subform[2].P4_Line3_CityTown1[0]	/Tx	Part 3.  Information About Your Residence. List every locati
3	form1[0].#subform[2].P4_Line3_CityTown2[0]	/Tx	Part 3.  Information About Your Residence. 1. Physical Addre
3	form1[0].#subform[2].P4_Line3_CityTown3[0]	/Tx	Part 3.  Information About Your Residence. 1. Physical Addre
3	form1[0].#subform[2].P4_Line3_Country1[0]	/Tx	P4_Line3_Country1
3	form1[0].#subform[2].P4_Line3_Country2[0]	/Tx	P4_Line3_Country2
3	form1[0].#subform[2].P4_Line3_Country3[0]	/Tx	P4_Line3_Country3
3	form1[0].#subform[2].P4_Line3_From1[0]	/Tx	Part 3.  Information About Your Residence. List every locati
3	form1[0].#subform[2].P4_Line3_From1[1]	/Tx	Part 3.  Information About Your Residence. List every locati
3	form1[0].#subform[2].P4_Line3_From2[0]	/Tx	Part 3.  Information About Your Residence. 1. Physical Addre
3	form1[0].#subform[2].P4_Line3_From3[0]	/Tx	Part 3.  Information About Your Residence. 1. Physical Addre
3	form1[0].#subform[2].P4_Line3_PhysicalAddress1[0]	/Tx	Part 3.  Information About Your Residence. List every locati
3	form1[0].#subform[2].P4_Line3_PhysicalAddress2[0]	/Tx	Part 3.  Information About Your Residence. 1. Physical Addre
3	form1[0].#subform[2].P4_Line3_PhysicalAddress3[0]	/Tx	Part 3.  Information About Your Residence. 1. Physical Addre
3	form1[0].#subform[2].P4_Line3_State1[0]	/Tx	P4_Line3_State1
3	form1[0].#subform[2].P4_Line3_State2[0]	/Tx	P4_Line3_State2
3	form1[0].#subform[2].P4_Line3_State3[0]	/Tx	P4_Line3_State3
3	form1[0].#subform[2].P4_Line3_To2[0]	/Tx	Part 3.  Information About Your Residence. 1. Physical Addre
3	form1[0].#subform[2].P4_Line3_To3[0]	/Tx	Part 3.  Information About Your Residence. 1. Physical Addre
3	form1[0].#subform[2].P4_Line3_ZipCode1[0]	/Tx	Part 3.  Information About Your Residence. List every locati
3	form1[0].#subform[2].P4_Line3_ZipCode2[0]	/Tx	Part 3.  Information About Your Residence. 1. Physical Addre
3	form1[0].#subform[2].P4_Line3_ZipCode3[0]	/Tx	Part 3.  Information About Your Residence. 1. Physical Addre
3	form1[0].#subform[2].P7_Line1_Ethnicity[0]	/Btn	Part 4. Biographic Information. 1. Ethnicity (Select only on
3	form1[0].#subform[2].P7_Line1_Ethnicity[1]	/Btn	Part 4. Biographic Information. NOTE:  U S C I S requires yo
3	form1[0].#subform[2].P7_Line2_Race[0]	/Btn	Part 4. Biographic Information. 2. Race (Select all applicab
3	form1[0].#subform[2].P7_Line2_Race[1]	/Btn	Part 4. Biographic Information. 2. Race (Select all applicab
3	form1[0].#subform[2].P7_Line2_Race[2]	/Btn	Part 4. Biographic Information. 2. Race (Select all applicab
3	form1[0].#subform[2].P7_Line2_Race[3]	/Btn	Part 4. Biographic Information. 2. Race (Select all applicab
3	form1[0].#subform[2].P7_Line2_Race[4]	/Btn	Part 4. Biographic Information. 2. Race (Select all applicab
3	form1[0].#subform[2].P7_Line3_HeightFeet[0]	/Ch	Part 4. Biographic Information. 3. Height. Enter Feet.
3	form1[0].#subform[2].P7_Line3_HeightInches[0]	/Ch	Part 4. Biographic Information. 3. Height. Enter Inches.
3	form1[0].#subform[2].P7_Line4_Pounds1[0]	/Tx	Part 4. Biographic Information. 4. Weight in Pounds. Enter f
3	form1[0].#subform[2].P7_Line4_Pounds2[0]	/Tx	Part 4. Biographic Information. 4. Weight in Pounds. Enter s
3	form1[0].#subform[2].P7_Line4_Pounds3[0]	/Tx	Part 4. Biographic Information. 4. Weight in Pounds. Enter t
3	form1[0].#subform[2].P7_Line5_Eye[0]	/Btn	Part 4. Biographic Information. 5. Eye color (Select only on
3	form1[0].#subform[2].P7_Line5_Eye[1]	/Btn	Part 4. Biographic Information. 5. Eye color (Select only on
3	form1[0].#subform[2].P7_Line5_Eye[2]	/Btn	Part 4. Biographic Information. 5. Eye color (Select only on
3	form1[0].#subform[2].P7_Line5_Eye[3]	/Btn	Part 4. Biographic Information. 5. Eye color (Select only on
3	form1[0].#subform[2].P7_Line5_Eye[4]	/Btn	Part 4. Biographic Information. 5. Eye color (Select only on
3	form1[0].#subform[2].P7_Line5_Eye[5]	/Btn	Part 4. Biographic Information. 5. Eye color (Select only on
3	form1[0].#subform[2].P7_Line5_Eye[6]	/Btn	Part 4. Biographic Information. 5. Eye color (Select only on
3	form1[0].#subform[2].P7_Line5_Eye[7]	/Btn	Part 4. Biographic Information. 5. Eye color (Select only on
3	form1[0].#subform[2].P7_Line5_Eye[8]	/Btn	Part 4. Biographic Information. 5. Eye color (Select only on
3	form1[0].#subform[2].P7_Line6_Hair[0]	/Btn	Part 4. Biographic Information. 6. Hair color (Select only o
3	form1[0].#subform[2].P7_Line6_Hair[1]	/Btn	Part 4. Biographic Information. 6. Hair color (Select only o
3	form1[0].#subform[2].P7_Line6_Hair[2]	/Btn	Part 4. Biographic Information. 6. Hair color (Select only o
3	form1[0].#subform[2].P7_Line6_Hair[3]	/Btn	Part 4. Biographic Information. 6. Hair color (Select only o
3	form1[0].#subform[2].P7_Line6_Hair[4]	/Btn	Part 4. Biographic Information. 6. Hair color (Select only o
3	form1[0].#subform[2].P7_Line6_Hair[5]	/Btn	Part 4. Biographic Information. 6. Hair color (Select only o
3	form1[0].#subform[2].P7_Line6_Hair[6]	/Btn	Part 4. Biographic Information. 6. Hair color (Select only o
3	form1[0].#subform[2].P7_Line6_Hair[7]	/Btn	Part 4. Biographic Information. 6. Hair color (Select only o
3	form1[0].#subform[2].P7_Line6_Hair[8]	/Btn	Part 4. Biographic Information. 6. Hair color (Select only o
3	form1[0].#subform[2].Pt3_Line2a_Checkbox[0]	/Btn	Part 3.  Information About Your Residence. 2. Is your curren
3	form1[0].#subform[2].Pt3_Line2a_Checkbox[1]	/Btn	Part 3.  Information About Your Residence. 2. Is your curren
4	form1[0].#pageSet[0].Page1[3].PDF417BarCode1[0]	/Tx	PDF417BarCode1
4	form1[0].#subform[3].#area[3].Line1_AlienNumber[3]	/Tx	Page 2. Alien Registration Number (A. Number). No Entry.
4	form1[0].#subform[3].P10_Line1_MaritalStatus[0]	/Btn	Part 7.  Information About Your Marital History. 1. What is 
4	form1[0].#subform[3].P10_Line1_MaritalStatus[1]	/Btn	Part 7. Information About Your Marital History. 1. What is y
4	form1[0].#subform[3].P10_Line1_MaritalStatus[2]	/Btn	Part 7.  Information About Your Marital History. 1. What is 
4	form1[0].#subform[3].P10_Line1_MaritalStatus[3]	/Btn	Part 7.  Information About Your Marital History. 1. What is 
4	form1[0].#subform[3].P10_Line1_MaritalStatus[4]	/Btn	Part 7.  Information About Your Marital History. 1. What is 
4	form1[0].#subform[3].P10_Line1_MaritalStatus[5]	/Btn	Part 7.  Information About Your Marital History. 1. What is 
4	form1[0].#subform[3].P10_Line4a_FamilyName[0]	/Tx	Part 7.  Information About Your Marital History. Your Curren
4	form1[0].#subform[3].P10_Line4a_GivenName[0]	/Tx	Part 7.  Information About Your Marital History. Your Curren
4	form1[0].#subform[3].P10_Line4a_MiddleName[0]	/Tx	Part 7.  Information About Your Marital History. Your Curren
4	form1[0].#subform[3].P10_Line4d_DateofBirth[0]	/Tx	Part 7.  Information About Your Marital History. Your Curren
4	form1[0].#subform[3].P10_Line4e_DateEnterMarriage[0]	/Tx	Part 7.  Information About Your Marital History. Your Curren
4	form1[0].#subform[3].P10_Line5_Citizen[0]	/Btn	Part 7.  Information About Your Marital History. Your Curren
4	form1[0].#subform[3].P10_Line5_Citizen[1]	/Btn	Part 7.  Information About Your Marital History. Your Curren
4	form1[0].#subform[3].P10_Line5a_When[0]	/Btn	Part 7.  Information About Your Marital History. Your Curren
4	form1[0].#subform[3].P10_Line5a_When[1]	/Btn	Part 7.  Information About Your Marital History. Your Curren
4	form1[0].#subform[3].P10_Line5b_DateBecame[0]	/Tx	Part 7.  Information About Your Marital History. Your Curren
4	form1[0].#subform[3].P4_Line1_State[1]	/Ch	Part 3.  Information About Your Residence. 3. Current Mailin
4	form1[0].#subform[3].P5_Line1b_City[0]	/Tx	Part 3.  Information About Your Residence. 3. Current Mailin
4	form1[0].#subform[3].P5_Line1b_Country[0]	/Tx	Part 3.  Information About Your Residence. 3. Current Mailin
4	form1[0].#subform[3].P5_Line1b_InCareOfName[0]	/Tx	Part 3.  Information About Your Residence. 3. Current Mailin
4	form1[0].#subform[3].P5_Line1b_Number[0]	/Tx	Part 3.  Information About Your Residence. 3. Current Mailin
4	form1[0].#subform[3].P5_Line1b_PostalCode[0]	/Tx	Part 3.  Information About Your Residence. 3. Current Mailin
4	form1[0].#subform[3].P5_Line1b_Province[0]	/Tx	Part 3.  Information About Your Residence. 3. Current Mailin
4	form1[0].#subform[3].P5_Line1b_StreetName[0]	/Tx	Part 3.  Information About Your Residence. 3. Current Mailin
4	form1[0].#subform[3].P5_Line1b_Unit[0]	/Btn	Part 3.  Information About Your Residence. 3. Current Mailin
4	form1[0].#subform[3].P5_Line1b_Unit[1]	/Btn	Part 3.  Information About Your Residence. 3. Current Mailin
4	form1[0].#subform[3].P5_Line1b_Unit[2]	/Btn	Part 3.  Information About Your Residence. 3. Current Mailin
4	form1[0].#subform[3].P5_Line1b_ZipCode[0]	/Tx	Part 3.  Information About Your Residence. 3. Current Mailin
4	form1[0].#subform[3].P7_Line2_Forces[0]	/Btn	Part 7.  Information About Your Marital History. 2. If you a
4	form1[0].#subform[3].P7_Line2_Forces[1]	/Btn	Part 7.  Information About Your Marital History. 2. If you a
4	form1[0].#subform[3].Part9Line3_TimesMarried[0]	/Tx	Part 7.  Information About Your Marital History. 3. How many
5	form1[0].#pageSet[0].Page1[4].PDF417BarCode1[0]	/Tx	PDF417BarCode1
5	form1[0].#subform[4].#area[4].Line1_AlienNumber[4]	/Tx	Page 5. Alien Registration Number (A. Number). No Entry.
5	form1[0].#subform[4].#area[5].P7_Line6_ANumber[0]	/Tx	Part 7.  Information About Your Marital History. Your Curren
5	form1[0].#subform[4].P10_Line4g_Employer[0]	/Tx	Part 7.  Information About Your Marital History. Your Curren
5	form1[0].#subform[4].P11_Line1_TotalChildren[0]	/Tx	Part 8. Information About Your Children. 1. Indicate your to
5	form1[0].#subform[4].P5_EmployerName1[0]	/Tx	Part 5.  Information About Your Employment and Schools You A
5	form1[0].#subform[4].P5_EmployerName2[0]	/Tx	Part 5.  Information About Your Employment and Schools You A
5	form1[0].#subform[4].P5_EmployerName3[0]	/Tx	Part 5.  Information About Your Employment and Schools You A
5	form1[0].#subform[4].P6_ChildThree[0]	/Btn	 Part 6.  Information About Your Children. 2. Provide the fo
5	form1[0].#subform[4].P6_ChildThree[1]	/Btn	 Part 6.  Information About Your Children. 2. Provide the fo
5	form1[0].#subform[4].P6_ChildTwo[0]	/Btn	 Part 6.  Information About Your Children. 2. Provide the fo
5	form1[0].#subform[4].P6_ChildTwo[1]	/Btn	 Part 6.  Information About Your Children. 2. Provide the fo
5	form1[0].#subform[4].P7_City1[0]	/Tx	Part 5.  Information About Your Employment and Schools You A
5	form1[0].#subform[4].P7_City2[0]	/Tx	Part 5.  Information About Your Employment and Schools You A
5	form1[0].#subform[4].P7_City3[0]	/Tx	Part 5.  Information About Your Employment and Schools You A
5	form1[0].#subform[4].P7_Country1[0]	/Tx	P7_Country1
5	form1[0].#subform[4].P7_Country2[0]	/Tx	P7_Country2
5	form1[0].#subform[4].P7_Country3[0]	/Tx	P7_Country3
5	form1[0].#subform[4].P7_EmployerName1[0]	/Tx	Part 6.  Information About Your Children . Provide the follo
5	form1[0].#subform[4].P7_EmployerName2[0]	/Tx	Part 6.  Information About Your Children . Provide the follo
5	form1[0].#subform[4].P7_EmployerName3[0]	/Tx	Part 6.  Information About Your Children . Provide the follo
5	form1[0].#subform[4].P7_From1[0]	/Tx	Part 6.  Information About Your Children. 2. Provide the fol
5	form1[0].#subform[4].P7_From1[1]	/Tx	Part 5.  Information About Your Employment and Schools You A
5	form1[0].#subform[4].P7_From2[0]	/Tx	Part 6.  Information About Your Children. 2. Provide the fol
5	form1[0].#subform[4].P7_From2[1]	/Tx	Part 5.  Information About Your Employment and Schools You A
5	form1[0].#subform[4].P7_From3[0]	/Tx	Part 6.  Information About Your Children. 2. Provide the fol
5	form1[0].#subform[4].P7_From3[1]	/Tx	Part 5.  Information About Your Employment and Schools You A
5	form1[0].#subform[4].P7_OccupationFieldStudy1[0]	/Tx	Part 6.  Information About Your Children. 2. Provide the fol
5	form1[0].#subform[4].P7_OccupationFieldStudy1[1]	/Tx	Part 6.  Information About Your Children. 2. Provide the fol
5	form1[0].#subform[4].P7_OccupationFieldStudy1[2]	/Tx	Part 5.  Information About Your Employment and Schools You A
5	form1[0].#subform[4].P7_OccupationFieldStudy2[0]	/Tx	Part 6.  Information About Your Children. 2. Provide the fol
5	form1[0].#subform[4].P7_OccupationFieldStudy2[1]	/Tx	Part 6.  Information About Your Children. 2. Provide the fol
5	form1[0].#subform[4].P7_OccupationFieldStudy2[2]	/Tx	Part 5.  Information About Your Employment and Schools You A
5	form1[0].#subform[4].P7_OccupationFieldStudy3[0]	/Tx	Part 6.  Information About Your Children. 2. Provide the fol
5	form1[0].#subform[4].P7_OccupationFieldStudy3[1]	/Tx	Part 6.  Information About Your Children. 2. Provide the fol
5	form1[0].#subform[4].P7_OccupationFieldStudy3[2]	/Tx	Part 5.  Information About Your Employment and Schools You A
5	form1[0].#subform[4].P7_State1[0]	/Tx	Part 5.  Information About Your Employment and Schools You A
5	form1[0].#subform[4].P7_State2[0]	/Tx	Part 5.  Information About Your Employment and Schools You A
5	form1[0].#subform[4].P7_State3[0]	/Tx	Part 5.  Information About Your Employment and Schools You A
5	form1[0].#subform[4].P7_To2[0]	/Tx	Part 5.  Information About Your Employment and Schools You A
5	form1[0].#subform[4].P7_To3[0]	/Tx	Part 5.  Information About Your Employment and Schools You A
5	form1[0].#subform[4].P7_ZipCode1[0]	/Tx	Part 5.  Information About Your Employment and Schools You A
5	form1[0].#subform[4].P7_ZipCode2[0]	/Tx	Part 5.  Information About Your Employment and Schools You A
5	form1[0].#subform[4].P7_ZipCode3[0]	/Tx	Part 5.  Information About Your Employment and Schools You A
5	form1[0].#subform[4].P9_Line5a[0]	/Btn	 Part 6.  Information About Your Children. 2. Provide the fo
5	form1[0].#subform[4].P9_Line5a[1]	/Btn	 Part 6.  Information About Your Children. 2. Provide the fo
5	form1[0].#subform[4].TextField1[0]	/Tx	Part 7.  Information About Your Marital History. Your Curren
6	form1[0].#pageSet[0].Page1[5].PDF417BarCode1[0]	/Tx	PDF417BarCode1
6	form1[0].#subform[5].#area[6].Line1_AlienNumber[5]	/Tx	Page 5. Alien Registration Number (A. Number). No Entry.
6	form1[0].#subform[5].P8_Line1_Countries2[0]	/Tx	Part 6. Time Outside the United States. 1. List below all th
6	form1[0].#subform[5].P8_Line1_Countries3[0]	/Tx	Part 6. Time Outside the United States. 1. List below all th
6	form1[0].#subform[5].P8_Line1_Countries4[0]	/Tx	Part 6. Time Outside the United States. 1. List below all th
6	form1[0].#subform[5].P8_Line1_Countries5[0]	/Tx	Part 6. Time Outside the United States. 1. List below all th
6	form1[0].#subform[5].P8_Line1_Countries6[0]	/Tx	Part 6. Time Outside the United States. 1. List below all t
6	form1[0].#subform[5].P8_Line1_DateLeft1[0]	/Tx	Part 6. Time Outside the United States. 1. List below all th
6	form1[0].#subform[5].P8_Line1_DateLeft2[0]	/Tx	Part 6. Time Outside the United States. 1. List below all th
6	form1[0].#subform[5].P8_Line1_DateLeft3[0]	/Tx	Part 6. Time Outside the United States. 1. List below all th
6	form1[0].#subform[5].P8_Line1_DateLeft4[0]	/Tx	Part 6. Time Outside the United States. 1. List below all th
6	form1[0].#subform[5].P8_Line1_DateLeft5[0]	/Tx	Part 6. Time Outside the United States. 1. List below all th
6	form1[0].#subform[5].P8_Line1_DateLeft6[0]	/Tx	Part 6. Time Outside the United States. 1. List below all th
6	form1[0].#subform[5].P8_Line1_DateReturn1[0]	/Tx	Part 6. Time Outside the United States. 1. List below all th
6	form1[0].#subform[5].P8_Line1_DateReturn2[0]	/Tx	Part 6. Time Outside the United States. 1. List below all th
6	form1[0].#subform[5].P8_Line1_DateReturn3[0]	/Tx	Part 6. Time Outside the United States. 1. List below all th
6	form1[0].#subform[5].P8_Line1_DateReturn4[0]	/Tx	Part 6. Time Outside the United States. 1. List below all th
6	form1[0].#subform[5].P8_Line1_DateReturn5[0]	/Tx	Part 6. Time Outside the United States. 1. List below all th
6	form1[0].#subform[5].P8_Line1_DateReturn6[0]	/Tx	Part 6. Time Outside the United States. 1. List below all th
6	form1[0].#subform[5].P9_5a[0]	/Btn	Part 9.  Additional Information About You. Have you EVER. 5.
6	form1[0].#subform[5].P9_5a[1]	/Btn	Part 9.  Additional Information About You. Have you EVER. 5.
6	form1[0].#subform[5].P9_5b[0]	/Btn	Part 9.  Additional Information About You. Have you EVER. 5.
6	form1[0].#subform[5].P9_5b[1]	/Btn	Part 9.  Additional Information About You. Have you EVER. 5.
6	form1[0].#subform[5].P9_Line1[0]	/Btn	Part 9.  Additional Information About You. 1. Have you EVER 
6	form1[0].#subform[5].P9_Line1[1]	/Btn	Part 9.  Additional Information About You. 1. Have you EVER 
6	form1[0].#subform[5].P9_Line1_Countries1[0]	/Tx	Part 6. Time Outside the United States. 1. List below all th
6	form1[0].#subform[5].P9_Line2[0]	/Btn	Part 9.  Additional Information About You. 2. Have you EVER 
6	form1[0].#subform[5].P9_Line2[1]	/Btn	Part 9.  Additional Information About You. 2. Have you EVER 
6	form1[0].#subform[5].P9_Line3[0]	/Btn	Part 9.  Additional Information About You. 3. Do you current
6	form1[0].#subform[5].P9_Line3[1]	/Btn	Part 9.  Additional Information About You. 3. Do you current
6	form1[0].#subform[5].P9_Line4[0]	/Btn	Part 9.  Additional Information About You. 4. Since you beca
6	form1[0].#subform[5].P9_Line4[1]	/Btn	Part 9.  Additional Information About You. 4. Since you beca
7	form1[0].#pageSet[0].Page1[6].PDF417BarCode1[0]	/Tx	PDF417BarCode1
7	form1[0].#subform[6].#area[7].Line1_AlienNumber[6]	/Tx	Page 5. Alien Registration Number (A. Number). No Entry.
7	form1[0].#subform[6].P11_7d[0]	/Btn	Part 9.  Additional Information About You. Have you EVER ord
7	form1[0].#subform[6].P11_7d[1]	/Btn	Part 9.  Additional Information About You. Have you EVER ord
7	form1[0].#subform[6].P12_6a[0]	/Btn	Part 9.  Additional Information About You. Have you EVER bee
7	form1[0].#subform[6].P12_6a[1]	/Btn	Part 9.  Additional Information About You. Have you EVER bee
7	form1[0].#subform[6].P12_6b[0]	/Btn	Part 9.  Additional Information About You. Have you EVER bee
7	form1[0].#subform[6].P12_6b[1]	/Btn	Part 9.  Additional Information About You. Have you EVER bee
7	form1[0].#subform[6].P12_6c[0]	/Btn	Part 9.  Additional Information About You. Have you EVER bee
7	form1[0].#subform[6].P12_6c[1]	/Btn	Part 9.  Additional Information About You. Have you EVER bee
7	form1[0].#subform[6].P9_Line10a[0]	/Btn	Part 9.  Additional Information About You. Have you EVER ord
7	form1[0].#subform[6].P9_Line10a[1]	/Btn	Part 9.  Additional Information About You. Have you EVER ord
7	form1[0].#subform[6].P9_Line10b[0]	/Btn	Part 9.  Additional Information About You. Have you EVER ord
7	form1[0].#subform[6].P9_Line10b[1]	/Btn	Part 9.  Additional Information About You. Have you EVER ord
7	form1[0].#subform[6].P9_Line10c[0]	/Btn	Part 9.  Additional Information About You. Have you EVER ord
7	form1[0].#subform[6].P9_Line10c[1]	/Btn	Part 9.  Additional Information About You. Have you EVER ord
7	form1[0].#subform[6].P9_Line11[0]	/Btn	Part 9.  Additional Information About You. Have you EVER ord
7	form1[0].#subform[6].P9_Line11[1]	/Btn	Part 9.  Additional Information About You. Have you EVER ord
7	form1[0].#subform[6].P9_Line12[0]	/Btn	Part 9.  Additional Information About You. Have you EVER ord
7	form1[0].#subform[6].P9_Line12[1]	/Btn	Part 9.  Additional Information About You. Have you EVER ord
7	form1[0].#subform[6].P9_Line13[0]	/Btn	Part 9.  Additional Information About You. Have you EVER ord
7	form1[0].#subform[6].P9_Line13[1]	/Btn	Part 9.  Additional Information About You. Have you EVER ord
7	form1[0].#subform[6].P9_Line14[0]	/Btn	Part 9.  Additional Information About You. Have you EVER ord
7	form1[0].#subform[6].P9_Line14[1]	/Btn	Part 9.  Additional Information About You. Have you EVER ord
7	form1[0].#subform[6].P9_Line7\.b\.[0]	/Btn	Part 9.  Additional Information About You. Have you EVER ord
7	form1[0].#subform[6].P9_Line7\.b\.[1]	/Btn	Part 9.  Additional Information About You. Have you EVER ord
7	form1[0].#subform[6].P9_Line7\.c[0]	/Btn	Part 9.  Additional Information About You. Have you EVER ord
7	form1[0].#subform[6].P9_Line7\.c[1]	/Btn	Part 9.  Additional Information About You. Have you EVER ord
7	form1[0].#subform[6].P9_Line7\.e[0]	/Btn	Part 9.  Additional Information About You. Have you EVER ord
7	form1[0].#subform[6].P9_Line7\.e[1]	/Btn	Part 9.  Additional Information About You. Have you EVER ord
7	form1[0].#subform[6].P9_Line7\.f[0]	/Btn	Part 9.  Additional Information About. Have you EVER ordered
7	form1[0].#subform[6].P9_Line7\.f[1]	/Btn	Part 9.  Additional Information About. Have you EVER ordered
7	form1[0].#subform[6].P9_Line7\.g[0]	/Btn	Part 9.  Additional Information About You. Have you EVER ord
7	form1[0].#subform[6].P9_Line7\.g[1]	/Btn	Part 9.  Additional Information About You. Have you EVER ord
7	form1[0].#subform[6].P9_Line7a[0]	/Btn	Part 9.  Additional Information About You. Have you EVER ord
7	form1[0].#subform[6].P9_Line7a[1]	/Btn	Part 9.  Additional Information About You. Have you EVER ord
7	form1[0].#subform[6].P9_Line8a[0]	/Btn	Part 9.  Additional Information About You. Have you EVER ord
7	form1[0].#subform[6].P9_Line8a[1]	/Btn	Part 9.  Additional Information About You. Have you EVER ord
7	form1[0].#subform[6].P9_Line8b[0]	/Btn	Part 9.  Additional Information About You. Have you EVER ord
7	form1[0].#subform[6].P9_Line8b[1]	/Btn	Part 9.  Additional Information About You. Have you EVER ord
7	form1[0].#subform[6].P9_Line9[0]	/Btn	Part 9.  Additional Information About You. Have you EVER ord
7	form1[0].#subform[6].P9_Line9[1]	/Btn	Part 9.  Additional Information About You. Have you EVER ord
8	form1[0].#pageSet[0].Page1[7].PDF417BarCode1[0]	/Tx	PDF417BarCode1
8	form1[0].#subform[7].#area[8].Line1_AlienNumber[7]	/Tx	Page 9. Alien Registration Number (A. Number). No Entry.
8	form1[0].#subform[7].P12_Line16[0]	/Btn	Part 9.  Additional Information About You. Have you EVER ord
8	form1[0].#subform[7].P12_Line16[1]	/Btn	Part 9.  Additional Information About You. Have you EVER ord
8	form1[0].#subform[7].P12_Line29_Date1[0]	/Tx	Part 9.  Additional Information About You.  If you answer “Y
8	form1[0].#subform[7].P12_Line29_Date2[0]	/Tx	Part 9.  Additional Information About You. 29. If you answer
8	form1[0].#subform[7].P12_Line29_Date3[0]	/Tx	Part 9.  Additional Information About You.  If you answer “Y
8	form1[0].#subform[7].P12_Line29_Date4[0]	/Tx	Part 9.  Additional Information About You. 29. If you answer
8	form1[0].#subform[7].P12_Line29_Date5[0]	/Tx	Part 9.  Additional Information About You.  If you answer “Y
8	form1[0].#subform[7].P12_Line29_DateOfConv1[0]	/Tx	Part 9.  Additional Information About You.  If you answer “Y
8	form1[0].#subform[7].P12_Line29_DateOfConv2[0]	/Tx	Part 9.  Additional Information About You.  If you answer “Y
8	form1[0].#subform[7].P12_Line29_DateOfConv3[0]	/Tx	Part 9.  Additional Information About You.  If you answer “Y
8	form1[0].#subform[7].P12_Line29_DateOfConv4[0]	/Tx	Part 9.  Additional Information About You.  If you answer “Y
8	form1[0].#subform[7].P12_Line29_DateOfConv5[0]	/Tx	Part 9.  Additional Information About You.  If you answer “Y
8	form1[0].#subform[7].P12_Line29_Outcome1[0]	/Tx	Part 9.  Additional Information About You.  If you answer “Y
8	form1[0].#subform[7].P12_Line29_Outcome1[1]	/Tx	Part 9.  Additional Information About You.  If you answer “Y
8	form1[0].#subform[7].P12_Line29_Outcome1[2]	/Tx	Part 9.  Additional Information About You.  If you answer “Y
8	form1[0].#subform[7].P12_Line29_Outcome2[0]	/Tx	Part 9.  Additional Information About You.  If you answer “Y
8	form1[0].#subform[7].P12_Line29_Outcome2[1]	/Tx	Part 9.  Additional Information About You.  If you answer “Y
8	form1[0].#subform[7].P12_Line29_Outcome2[2]	/Tx	Part 9.  Additional Information About You.  If you answer “Y
8	form1[0].#subform[7].P12_Line29_Outcome3[0]	/Tx	Part 9.  Additional Information About You.  If you answer “Y
8	form1[0].#subform[7].P12_Line29_Outcome3[1]	/Tx	Part 9.  Additional Information About You.  If you answer “Y
8	form1[0].#subform[7].P12_Line29_Outcome3[2]	/Tx	Part 9.  Additional Information About You.  If you answer “Y
8	form1[0].#subform[7].P12_Line29_Outcome4[0]	/Tx	Part 9.  Additional Information About You.  If you answer “Y
8	form1[0].#subform[7].P12_Line29_Outcome4[1]	/Tx	Part 9.  Additional Information About You.  If you answer “Y
8	form1[0].#subform[7].P12_Line29_Outcome4[2]	/Tx	Part 9.  Additional Information About You.  If you answer “Y
8	form1[0].#subform[7].P12_Line29_Outcome5[0]	/Tx	Part 9.  Additional Information About You.  If you answer “Y
8	form1[0].#subform[7].P12_Line29_Outcome5[1]	/Tx	Part 9.  Additional Information About You.  If you answer “Y
8	form1[0].#subform[7].P12_Line29_Outcome5[2]	/Tx	Part 9.  Additional Information About You.  If you answer “Y
8	form1[0].#subform[7].P12_Line29_why1[0]	/Tx	Part 9.  Additional Information About You. If you answer “Ye
8	form1[0].#subform[7].P12_Line29_why2[0]	/Tx	Part 9.  Additional Information About You. If you answer “Ye
8	form1[0].#subform[7].P12_Line29_why3[0]	/Tx	Part 9.  Additional Information About You. If you answer “Ye
8	form1[0].#subform[7].P12_Line29_why4[0]	/Tx	Part 9.  Additional Information About You.  If you answer “Y
8	form1[0].#subform[7].P12_Line29_why5[0]	/Tx	Part 9.  Additional Information About You. 29. If you answer
8	form1[0].#subform[7].P9_Line15a[0]	/Btn	Part 9.  Additional Information About You. Have you EVER ord
8	form1[0].#subform[7].P9_Line15a[1]	/Btn	Part 9.  Additional Information About You. Have you EVER ord
8	form1[0].#subform[7].P9_Line15b[0]	/Btn	Part 9.  Additional Information About You. Have you EVER ord
8	form1[0].#subform[7].P9_Line15b[1]	/Btn	Part 9.  Additional Information About You. Have you EVER ord
9	form1[0].#pageSet[0].Page1[8].PDF417BarCode1[0]	/Tx	PDF417BarCode1
9	form1[0].#subform[8].#area[9].Line1_AlienNumber[8]	/Tx	Page 12. Alien Registration Number (A. Number). No Entry.
9	form1[0].#subform[8].P11_Line17A[0]	/Btn	Part 9.  Additional Information About You. If you answer “Ye
9	form1[0].#subform[8].P11_Line17A[1]	/Btn	Part 9.  Additional Information About You. If you answer “Ye
9	form1[0].#subform[8].P11_Line17B[0]	/Btn	Part 9.  Additional Information About You. If you answer “Ye
9	form1[0].#subform[8].P11_Line17B[1]	/Btn	Part 9.  Additional Information About You. If you answer “Ye
9	form1[0].#subform[8].P11_Line17C[0]	/Btn	Part 9.  Additional Information About You. If you answer “Ye
9	form1[0].#subform[8].P11_Line17C[1]	/Btn	Part 9.  Additional Information About You. If you answer “Ye
9	form1[0].#subform[8].P12_Line17d[0]	/Btn	Part 9.  Additional Information About You. If you answer “Ye
9	form1[0].#subform[8].P12_Line17d[1]	/Btn	Part 9.  Additional Information About You. If you answer “Ye
9	form1[0].#subform[8].P12_Line17e[0]	/Btn	Part 9.  Additional Information About You. If you answer “Ye
9	form1[0].#subform[8].P12_Line17e[1]	/Btn	Part 9.  Additional Information About You. If you answer “Ye
9	form1[0].#subform[8].P12_Line17f[0]	/Btn	Part 9.  Additional Information About You. If you answer “Ye
9	form1[0].#subform[8].P12_Line17f[1]	/Btn	Part 9.  Additional Information About You. If you answer “Ye
9	form1[0].#subform[8].P12_Line17g[0]	/Btn	Part 9.  Additional Information About You. If you answer “Ye
9	form1[0].#subform[8].P12_Line17g[1]	/Btn	Part 9.  Additional Information About You. If you answer “Ye
9	form1[0].#subform[8].P12_Line17h[0]	/Btn	Part 9.  Additional Information About You. If you answer “Ye
9	form1[0].#subform[8].P12_Line17h[1]	/Btn	Part 9.  Additional Information About You. If you answer “Ye
9	form1[0].#subform[8].P12_Line18[0]	/Btn	Part 9.  Additional Information About You. If you answer “Ye
9	form1[0].#subform[8].P12_Line18[1]	/Btn	Part 9.  Additional Information About You. If you answer “Ye
9	form1[0].#subform[8].P12_Line19[0]	/Btn	Part 9.  Additional Information About You. If you answer “Ye
9	form1[0].#subform[8].P12_Line19[1]	/Btn	Part 9.  Additional Information About You. If you answer “Ye
9	form1[0].#subform[8].P12_Line20[0]	/Btn	Part 9.  Additional Information About You. If you answer “Ye
9	form1[0].#subform[8].P12_Line20[1]	/Btn	Part 9.  Additional Information About You. If you answer “Ye
9	form1[0].#subform[8].P12_Line21[0]	/Btn	Part 9.  Additional Information About You. If you answer “Ye
9	form1[0].#subform[8].P12_Line21[1]	/Btn	Part 9.  Additional Information About You. If you answer “Ye
9	form1[0].#subform[8].P12_Line23[0]	/Btn	Part 9.  Additional Information About You. If you answer “Ye
9	form1[0].#subform[8].P12_Line23[1]	/Btn	Part 9.  Additional Information About You. If you answer “Ye
9	form1[0].#subform[8].P12_Line24[0]	/Btn	Part 9.  Additional Information About You. If you answer “Ye
9	form1[0].#subform[8].P12_Line24[1]	/Btn	Part 9.  Additional Information About You. If you answer “Ye
9	form1[0].#subform[8].P12_Line25[0]	/Btn	Part 9.  Additional Information About You. If you answer “Ye
9	form1[0].#subform[8].P12_Line25[1]	/Btn	Part 9.  Additional Information About You. If you answer “Ye
9	form1[0].#subform[8].P9_Line22a[0]	/Btn	Part 9.  Additional Information About You. If you answer “Ye
9	form1[0].#subform[8].P9_Line22a[1]	/Btn	Part 9.  Additional Information About You. If you answer “Ye
9	form1[0].#subform[8].P9_Line22c_Date[0]	/Tx	Part 9.  Additional Information About You. If you answer “Ye
9	form1[0].#subform[8].P9_Line22c_SSNumber[0]	/Tx	Part 9.  Additional Information About You. If you answer “Ye
9	form1[0].#subform[8].Pt9_Line22b[0]	/Btn	Part 9.  Additional Information About You. If you answer “Ye
9	form1[0].#subform[8].Pt9_Line22b[1]	/Btn	Part 9.  Additional Information About You. If you answer “Ye
10	form1[0].#pageSet[0].Page1[9].PDF417BarCode1[0]	/Tx	PDF417BarCode1
10	form1[0].#subform[9].#area[10].Line1_AlienNumber[9]	/Tx	Page 13. Alien Registration Number (A. Number). No Entry.
10	form1[0].#subform[9].P11_Line26d[0]	/Btn	Part 12. Additional Information About You (Person Applying f
10	form1[0].#subform[9].P11_Line26d[1]	/Btn	Part 12. Additional Information About You (Person Applying f
10	form1[0].#subform[9].P12_Line26a[0]	/Btn	Part 9.  Additional Information About You. If you answer “Ye
10	form1[0].#subform[9].P12_Line26a[1]	/Btn	Part 9.  Additional Information About You. If you answer “Ye
10	form1[0].#subform[9].P12_Line26b[0]	/Btn	Part 9.  Additional Information About You. If you answer “Ye
10	form1[0].#subform[9].P12_Line26b[1]	/Btn	Part 9.  Additional Information About You. If you answer “Ye
10	form1[0].#subform[9].P12_Line26c[0]	/Btn	Part 9.  Additional Information About You. If you answer “Y
10	form1[0].#subform[9].P12_Line26c[1]	/Btn	Part 9.  Additional Information About You. If you answer “Y
10	form1[0].#subform[9].P12_Line27[0]	/Btn	Part 9.  Additional Information About You. If you answer “Ye
10	form1[0].#subform[9].P12_Line27[1]	/Btn	Part 9.  Additional Information About You. If you answer “Ye
10	form1[0].#subform[9].P12_Line28[0]	/Btn	Part 9.  Additional Information About You. If you answer “Ye
10	form1[0].#subform[9].P12_Line28[1]	/Btn	Part 9.  Additional Information About You. If you answer “Ye
10	form1[0].#subform[9].P12_Line30a[0]	/Btn	Part 9.  Additional Information About You. If you answer “Ye
10	form1[0].#subform[9].P12_Line30a[1]	/Btn	Part 9.  Additional Information About You. If you answer “Ye
10	form1[0].#subform[9].P12_Line30b[0]	/Btn	Part 9.  Additional Information About You. If you answer “Ye
10	form1[0].#subform[9].P12_Line30b[1]	/Btn	Part 9.  Additional Information About You. If you answer “Ye
10	form1[0].#subform[9].P12_Line31[0]	/Btn	Part 9.  Additional Information About You. If you answer “Ye
10	form1[0].#subform[9].P12_Line31[1]	/Btn	Part 9.  Additional Information About You. If you answer “Ye
10	form1[0].#subform[9].P12_Line32[0]	/Btn	Part 9.  Additional Information About You. If you answer “Ye
10	form1[0].#subform[9].P12_Line32[1]	/Btn	Part 9.  Additional Information About You. If you answer “Ye
10	form1[0].#subform[9].P12_Line33[0]	/Btn	Part 9.  Additional Information About You. If you answer “Ye
10	form1[0].#subform[9].P12_Line33[1]	/Btn	Part 9.  Additional Information About You. If you answer “Ye
10	form1[0].#subform[9].P12_Line34[0]	/Btn	Part 12. Additional Information About You (Person Applying f
10	form1[0].#subform[9].P12_Line34[1]	/Btn	Part 9.  Additional Information About You. If you answer “Ye
10	form1[0].#subform[9].P12_Line35[0]	/Btn	Part 9.  Additional Information About You. If you answer “Ye
10	form1[0].#subform[9].P12_Line35[1]	/Btn	Part 9.  Additional Information About You. If you answer “Ye
10	form1[0].#subform[9].P12_Line36[0]	/Btn	Part 9.  Additional Information About You. If you answer “Ye
10	form1[0].#subform[9].P12_Line36[1]	/Btn	Part 9.  Additional Information About You. If you answer “Ye
10	form1[0].#subform[9].P12_Line37[0]	/Btn	Part 9.  Additional Information About You. If you answer “Ye
10	form1[0].#subform[9].P12_Line37[1]	/Btn	Part 9.  Additional Information About You. If you answer “Ye
10	form1[0].#subform[9].P9_Line29[0]	/Btn	Part 9.  Additional Information About You. If you answer “Ye
10	form1[0].#subform[9].P9_Line29[1]	/Btn	Part 9.  Additional Information About You. If you answer “Ye
10	form1[0].#subform[9].P9_NobilityTitles[0]	/Tx	Part 10.  Applicant's Contact Information, Certification, an
11	form1[0].#pageSet[0].Page1[10].PDF417BarCode1[0]	/Tx	PDF417BarCode1
11	form1[0].#subform[10].#area[11].Line1_AlienNumber[10]	/Tx	Page 14. Alien Registration Number (A. Number). No Entry.
11	form1[0].#subform[10].P10_Line1_Citizen[0]	/Btn	Part 7.  Information About Your Marital History. Your Curren
11	form1[0].#subform[10].P10_Line1_Citizen[1]	/Btn	Part 7.  Information About Your Marital History. Your Curren
11	form1[0].#subform[10].P10_Line2_TotalHouseholdIn[0]	/Tx	Part 8. Information About Your Children. 1. Indicate your to
11	form1[0].#subform[10].P10_Line3_HouseHoldSize[0]	/Tx	Part 8. Information About Your Children. 1. Indicate your to
11	form1[0].#subform[10].P10_Line5a[0]	/Btn	Part 9.  Additional Information About You. If you answer “Ye
11	form1[0].#subform[10].P10_Line5a[1]	/Btn	Part 9.  Additional Information About You. If you answer “Ye
11	form1[0].#subform[10].P10_Line5b_NameOfHousehold[0]	/Tx	Part 8. Information About Your Children. 1. Indicate your to
11	form1[0].#subform[10].P11_Line1_TotalChildren[1]	/Tx	Part 8. Information About Your Children. 1. Indicate your to
11	form1[0].#subform[10].P12_Line3_Mobile[0]	/Tx	Part 10.  Applicant's Contact Information, Certification, an
11	form1[0].#subform[10].P12_Line3_Telephone[0]	/Tx	Part 10.  Applicant's Contact Information, Certification, an
11	form1[0].#subform[10].P12_Line5_Email[0]	/Tx	Part 10.  Applicant's Contact Information, Certification, an
11	form1[0].#subform[10].P12_SignatureApplicant[0]	/Tx	Part 10.  Applicant's Contact Information, Certification, an
11	form1[0].#subform[10].P13_DateofSignature[0]	/Tx	Part 10.  Applicant's Contact Information, Certification, an
12	form1[0].#pageSet[0].Page1[11].PDF417BarCode1[0]	/Tx	PDF417BarCode1
12	form1[0].#subform[11].#area[12].Line1_AlienNumber[11]	/Tx	Page 15. Alien Registration Number (A. Number). No Entry.
12	form1[0].#subform[11].P12_SignatureApplicant[1]	/Tx	Part 14. Additional Information.. Interpreter's Contact Info
12	form1[0].#subform[11].P12_SignatureApplicant[2]	/Tx	Part 12. Applicant's Statement, Certification, and Signature
12	form1[0].#subform[11].P14_DateofSignature[0]	/Tx	Part 14. Additional Information.. Interpreter's Contact Info
12	form1[0].#subform[11].P14_Line1_nterpreterFamilyName[0]	/Tx	Part 11. Additional Information.. Interpreter's Contact Info
12	form1[0].#subform[11].P14_Line1_nterpreterGivenName[0]	/Tx	Part 11. Additional Information.. Interpreter's Contact Info
12	form1[0].#subform[11].P14_Line2_NameofBusinessorOrgName[0]	/Tx	Part 11. Additional Information.. Interpreter's Contact Info
12	form1[0].#subform[11].P14_Line4_Telephone[0]	/Tx	Part 11. Additional Information.. Interpreter's Contact Info
12	form1[0].#subform[11].P14_Line5_EmailAddress[0]	/Tx	Part 11. Additional Information.. Interpreter's Contact Info
12	form1[0].#subform[11].P14_Line5_Mobile[0]	/Tx	Part 11. Additional Information.. Interpreter's Contact Info
12	form1[0].#subform[11].P14_NameOfLanguage[0]	/Tx	Part 14. Additional Information.. Interpreter's Contact Info
12	form1[0].#subform[11].P15_DateofSignature[0]	/Tx	Part 12. Contact Information, Declaration, and Signature of 
12	form1[0].#subform[11].P15_Line1_PreparerFamilyName[0]	/Tx	Part 12. Contact Information, Declaration, and Signature of 
12	form1[0].#subform[11].P15_Line1_PreparerGivenName[0]	/Tx	Part 12. Contact Information, Declaration, and Signature of 
12	form1[0].#subform[11].P15_Line2_NameofBusinessorOrgName[0]	/Tx	Part 12. Contact Information, Declaration, and Signature of 
12	form1[0].#subform[11].P15_Line4_Telephone[0]	/Tx	Part 12. Contact Information, Declaration, and Signature of 
12	form1[0].#subform[11].P15_Line5_Mobile[0]	/Tx	Part 12. Contact Information, Declaration, and Signature of 
12	form1[0].#subform[11].P15_Line6_Email[0]	/Tx	Part 12. Contact Information, Declaration, and Signature of 
13	form1[0].#pageSet[0].Page1[12].PDF417BarCode1[0]	/Tx	PDF417BarCode1
13	form1[0].#subform[12].#area[13].Line1_AlienNumber[12]	/Tx	Alien Registration Number (A. Number). This is a read only f
13	form1[0].#subform[12].P11_Line3A[0]	/Tx	Part 14. Additional Information. 3.  Enter Page Number. 
13	form1[0].#subform[12].P11_Line3B[0]	/Tx	Part 14. Additional Information. 3. Enter Part Number.
13	form1[0].#subform[12].P11_Line3C[0]	/Tx	Part 14. Additional Information. 3.Enter Item Number.
13	form1[0].#subform[12].P11_Line3D[0]	/Tx	Part 14. Additional Information. 3. Enter Additional Informa
13	form1[0].#subform[12].P11_Line4A[0]	/Tx	Part 14. Additional Information. 4. Enter Page Number. 
13	form1[0].#subform[12].P11_Line4B[0]	/Tx	Part 14. Additional Information. 4. Enter Part Number.
13	form1[0].#subform[12].P11_Line4C[0]	/Tx	Part 14. Additional Information. 4. Enter Item Number.
13	form1[0].#subform[12].P11_Line4D[0]	/Tx	Part 14. Additional Information. 4. Enter Additional Informa
13	form1[0].#subform[12].P11_Line5A[0]	/Tx	Part 14. Additional Information. 5.  Enter Page Number. 
13	form1[0].#subform[12].P11_Line5B[0]	/Tx	Part 14. Additional Information. 5. Enter Part Number.
13	form1[0].#subform[12].P11_Line5C[0]	/Tx	Part 14. Additional Information. 5.Enter Item Number.
13	form1[0].#subform[12].P11_Line5D[0]	/Tx	Part 14. Additional Information. 5. Enter Additional Informa
13	form1[0].#subform[12].P11_Line6A[0]	/Tx	Part 14. Additional Information. 6.  Enter Page Number. 
13	form1[0].#subform[12].P11_Line6B[0]	/Tx	Part 14. Additional Information. 6. Enter Part Number.
13	form1[0].#subform[12].P11_Line6C[0]	/Tx	Part 14. Additional Information. 6. Enter Item Number.
13	form1[0].#subform[12].P11_Line6D[0]	/Tx	Part 14. Additional Information. 6. Enter Additional Informa
13	form1[0].#subform[12].P2_Line1_FamilyName[1]	/Tx	Part 14. Additional Information. No Entry. 1. Family Name (L
13	form1[0].#subform[12].P2_Line1_GivenName[1]	/Tx	Part 14. Additional Information.., No Entry. 1. Given Name (
13	form1[0].#subform[12].P2_Line1_MiddleName[1]	/Tx	Part 14. Additional Information.., No Entry. 1. Middle Name.
14	form1[0].#pageSet[0].Page1[13].PDF417BarCode1[0]	/Tx	PDF417BarCode1
14	form1[0].#subform[13].#area[14].Line1_AlienNumber[13]	/Tx	Page 20. Alien Registration Number (A. Number). No Entry.
14	form1[0].#subform[13].ApplicantsSignature[0]	/Tx	Part 16. Oath of Allegiance. Applicant's Signature. No Entry
14	form1[0].#subform[13].Part15ApplicantsSignature[0]	/Tx	Part 15. Signature at Interview. Applicant's Signature. No E
14	form1[0].#subform[13].Part15DateofSignature[0]	/Tx	Part 15. Signature at Interview. Enter Date of Signature. En
14	form1[0].#subform[13].Part15DateofSignature[1]	/Tx	Part 16. Oath of Allegiance. Enter Date of Signature. Enter 
14	form1[0].#subform[13].Part15USCISName[0]	/Tx	Part 15. Signature at Interview. Subscribed to and sworn to 
14	form1[0].#subform[13].Part15USCISSignature[0]	/Tx	Part 15. Signature at Interview. U S C I S Officer's Signatu
