n	source_file	output_filename	producer	state	ancillary_provisions	employer	employee_name	role	industry	term	geography	posture	customer_nonsolicit_style	confidentiality_variant	severability_form	special_core_flags	employee_no_hire
1	01-halvorsen-ny.md	Halvorsen Medical Systems - Executed NC (Rourke).docx	pandoc-docx	NY	return of Company property, assignment of inventions, injunctive relief, integration / entire agreement	Halvorsen Medical Systems Inc.	Dana Rourke	Regional Sales Director	surgical navigation devices	12 months	counties where the Company had an office or the employee had customer responsibility in the final 24 months	tight, defensible	Style A (schedule/enumerated)	canonical	bare, no reformation	none	omitted
2	02-ostrander-ny.md	NONCOMPETE_FINAL_v3.docx	pandoc-docx	NY	return of Company property, non-disparagement, tolling during breach, injunctive relief, attorneys' fees, integration / entire agreement	Ostrander Brand Group LLC	Priya Raghunathan	VP, Brand Strategy	cosmetics and personal care	18 months	the United States	broad, carried by "unique and extraordinary services" recital	Style B (lookback/material contact)	variant 1	bare, no reformation	unique and extraordinary services recital	canonical (5a)
3	03-kestrel-ny.md	Kestrel Freight - Bhatt - executed 2024-03-11.pdf	reportlab-pdf	NY	return of Company property, at-will disclaimer, notice	Kestrel Freight Partners Inc.	Anand Bhatt	Operations Manager	freight brokerage and logistics	6 months	50 miles of the Company's Maspeth terminal	modest; carries arbitration	none (no customer non-solicit)	variant 2	bare, no reformation	mandatory arbitration	omitted
4	04-merrow-ct.md	Merrow Cardiology Associates - Physician Agreement (Fenwick) - executed.pdf	soffice-pdf	CT	return of Company property, injunctive relief, survival	Merrow Cardiology Associates PC	Alina Fenwick, M.D.	Interventional Cardiologist	cardiology practice	12 months	fixed short radius of primary practice site	narrowest of the nine; termination-without-cause carve-out	Style C (plain English, as patient non-solicitation)	canonical	bare, no reformation	termination-without-cause carve-out; narrowest of the nine	omitted
5	05-stonefield-ct.md	stonefield_noncompete_kilbride.docx	pandoc-docx	CT	return of Company property, non-disparagement, injunctive relief, attorneys' fees, assignment and successors	Stonefield Insurance Brokers LLC	Margaret Kilbride	Commercial Lines Producer	commercial insurance brokerage	24 months	Fairfield, New Haven and Hartford Counties	aggressive, WITH express reformation	Style B (lookback/material contact)	variant 2	Connecticut express-reformation	aggressive	variant (5b)
6	06-vantage-ct.txt	Employment Agreement - Vantage Aerostructures - D Okonkwo.txt	copy-txt	CT	assignment of inventions, tolling during breach, injunctive relief, forum selection	Vantage Aerostructures Corp.	Daniel Okonkwo	Manufacturing Process Engineer	aerospace components	18 months	any US facility designing or making Competing Products	broad, ONLY bare severability, no reformation	none (no customer non-solicit)	variant 1	bare, no reformation power (explicit -- omit any reformation language entirely, per spec)	broad geography; ONLY bare severability, no reformation	omitted
7	07-ardsleigh-nj.md	Ardsleigh Capital - Noncompetition Agreement - Voss (EXECUTED).pdf	soffice-pdf	NJ	return of Company property, non-disparagement, attorneys' fees, assignment and successors, jury waiver	Ardsleigh Capital Management LLC	Theo Voss	Head of Quantitative Research	asset management	12 months	the United States	broad but paid for -- garden leave	none (no customer non-solicit)	canonical	New Jersey reformation	garden leave / paid notice period	canonical (5a)
8	08-bramwell-nj.md	bramwell-foods-noncompete-esposito.docx	pandoc-docx	NJ	assignment of inventions, tolling during breach, injunctive relief, integration / entire agreement, forum selection	Bramwell Specialty Foods Inc.	Gina Esposito	National Accounts Manager	specialty food distribution	24 months	any state where the Company sold Products during employment	broad and well-drafted	Style B (lookback/material contact)	variant 1	New Jersey reformation	none	variant (5b)
9	09-larkspur-nj.md	Copy of Noncompete - Larkspur HVAC (M. Duarte) FINAL.pdf	reportlab-pdf	NJ	return of Company property, at-will disclaimer, survival	Larkspur Mechanical Services LLC	Miguel Duarte	Service Technician Supervisor	commercial HVAC contracting	9 months	30 miles of any Company branch where employee worked	tight, appropriately narrow	Style A (schedule/enumerated)	variant 2	New Jersey reformation	tight, appropriately narrow	omitted
